model,eq_oracle,tests,states,equivalent,learning_queries,learning_steps,eq_queries,eq_steps
OpenSSH28,randomWp,500000,28,True,755,4001,15771,149600
BitVise57,randomWp,500000,57,True,2059,18185,55482,700495
BitViseOrig,randomWp,500000,66,True,2517,25290,497179,6662177
BitVise63,randomWp,500000,63,True,2331,23694,78475,1045267
BitVise47,randomWp,500000,47,True,1645,14884,19996,238896
OpenSSHOrig,randomWp,500000,27,True,820,6222,9088,96866
OpenSSH29,randomWp,500000,29,True,904,5579,41339,447419
DropBearOrig,randomWp,500000,17,True,541,3147,603,5811
OpenSSH34,randomWp,500000,34,True,1047,5422,39710,388784
OpenSSH36,randomWp,500000,36,True,1031,6498,683,6707
DropBear24,randomWp,500000,24,True,768,3484,164,1508
BitVise59,randomWp,500000,59,True,2270,23605,183435,2423284
OpenSSH31,randomWp,500000,31,True,961,6187,10887,108508
BitVise45,randomWp,500000,45,True,1604,18973,5590,70885
DropBear20,randomWp,500000,20,True,621,2992,1286,11538
DropBear26,randomWp,500000,26,True,752,3499,546,5035
DropBear22,randomWp,500000,22,True,588,2701,898,8297
OpenSSH26,randomWp,500000,26,True,766,4587,2310,22780
BitVise54,randomWp,500000,54,True,1970,23021,25023,321044
BitVise39,randomWp,500000,39,True,1331,8330,17489,186797
OpenSSH28,randomWp,500000,28,True,798,4185,12486,123744
BitVise57,randomWp,500000,57,True,2169,20909,199243,2545972
BitViseOrig,randomWp,500000,66,True,2592,25555,69103,912342
BitVise63,randomWp,500000,63,True,2424,23891,28169,364670
BitVise47,randomWp,500000,47,True,1554,11927,9462,111816
OpenSSHOrig,randomWp,500000,27,True,834,6257,29807,311390
OpenSSH29,randomWp,500000,29,True,818,5107,14143,153572
DropBearOrig,randomWp,500000,17,True,559,3413,2034,21439
OpenSSH34,randomWp,500000,34,True,985,5958,67762,662492
OpenSSH36,randomWp,500000,36,True,985,6338,29330,305814
DropBear24,randomWp,500000,24,True,731,3470,282,2486
BitVise59,randomWp,500000,59,True,2263,20895,109871,1439432
OpenSSH31,randomWp,500000,31,True,883,5378,62329,627745
BitVise45,randomWp,500000,45,True,1540,14965,5181,66823
DropBear20,randomWp,500000,20,True,638,3525,1536,14441
DropBear26,randomWp,500000,26,True,824,3731,61,492
DropBear22,randomWp,500000,22,True,714,3246,2748,26066
OpenSSH26,randomWp,500000,26,True,787,4899,3294,33615
BitVise54,randomWp,500000,54,True,2004,23750,6423,81668
BitVise39,randomWp,500000,39,True,1336,8521,22709,240047
OpenSSH28,randomWp,500000,28,True,837,4441,16634,165235
BitVise57,randomWp,500000,57,True,2133,19873,29121,364749
BitViseOrig,randomWp,500000,66,True,2477,24735,23541,301781
BitVise63,randomWp,500000,63,True,2421,25838,89049,1169012
BitVise47,randomWp,500000,47,True,1636,13159,18854,224970
OpenSSHOrig,randomWp,500000,27,True,838,5182,12399,130832
OpenSSH29,randomWp,500000,29,True,861,6110,7678,82342
DropBearOrig,randomWp,500000,17,True,536,3294,4279,45086
OpenSSH34,randomWp,500000,34,True,950,4984,12969,127151
OpenSSH36,randomWp,500000,36,True,1029,6269,139176,1453422
DropBear24,randomWp,500000,24,True,730,3444,1037,9351
BitVise59,randomWp,500000,59,True,2286,23067,308817,4096696
OpenSSH31,randomWp,500000,31,True,930,5294,2226,22586
BitVise45,randomWp,500000,45,True,1587,19499,11785,151416
DropBear20,randomWp,500000,20,True,623,3504,3902,37341
DropBear26,randomWp,500000,26,True,842,4146,265,2395
DropBear22,randomWp,500000,22,True,716,3367,430,3814
OpenSSH26,randomWp,500000,26,True,791,4804,2025,21185
BitVise54,randomWp,500000,54,True,2012,21939,22684,298620
BitVise39,randomWp,500000,39,True,1425,9431,27613,295609
OpenSSH28,randomWp,500000,28,True,775,4336,112794,1140958
BitVise57,randomWp,500000,57,True,2204,22210,213504,2738488
BitViseOrig,randomWp,500000,66,True,2580,28282,145603,1983178
BitVise63,randomWp,500000,63,True,2458,27663,26969,346508
BitVise47,randomWp,500000,47,True,1678,15558,2809,32761
OpenSSHOrig,randomWp,500000,27,True,782,5724,6022,60841
OpenSSH29,randomWp,500000,29,True,798,5313,68554,741555
DropBearOrig,randomWp,500000,17,True,521,3121,1204,11932
OpenSSH34,randomWp,500000,34,True,1004,5547,15205,149774
OpenSSH36,randomWp,500000,36,True,1017,6844,2505,25438
DropBear24,randomWp,500000,24,True,721,3243,84,709
BitVise59,randomWp,500000,59,True,2242,22597,139733,1842192
OpenSSH31,randomWp,500000,31,True,878,4627,138853,1394993
BitVise45,randomWp,500000,45,True,1662,23018,14561,190252
DropBear20,randomWp,500000,20,True,633,3144,171,1471
DropBear26,randomWp,500000,26,True,771,3373,144,1197
DropBear22,randomWp,500000,22,True,595,2718,724,6806
OpenSSH26,randomWp,500000,26,True,807,4822,47616,501016
BitVise54,randomWp,500000,54,True,1979,22043,12533,153482
BitVise39,randomWp,500000,39,True,1327,9007,30386,325596
OpenSSH28,randomWp,500000,28,True,795,4442,41574,419985
BitVise57,randomWp,500000,57,True,2176,22411,50492,645788
BitViseOrig,randomWp,500000,66,True,2495,24793,172411,2303426
BitVise63,randomWp,500000,63,True,2438,25993,109714,1452911
BitVise47,randomWp,500000,47,True,1638,13311,1879,22021
OpenSSHOrig,randomWp,500000,27,True,808,4941,36249,374824
OpenSSH29,randomWp,500000,29,True,916,5677,5519,59370
DropBearOrig,randomWp,500000,17,True,552,3444,701,6180
OpenSSH34,randomWp,500000,34,True,918,4977,13615,133516
OpenSSH36,randomWp,500000,36,True,1057,6817,158291,1656456
DropBear24,randomWp,500000,24,True,720,3381,148,1185
BitVise59,randomWp,500000,59,True,2226,21665,214470,2836349
OpenSSH31,randomWp,500000,31,True,899,5186,36072,360535
BitVise45,randomWp,500000,45,True,1601,17805,10170,131919
DropBear20,randomWp,500000,20,True,647,3434,791,7531
DropBear26,randomWp,500000,26,True,707,3131,562,4932
DropBear22,randomWp,500000,22,True,736,3283,303,2578
OpenSSH26,randomWp,500000,26,True,758,4479,99415,1041488
BitVise54,randomWp,500000,54,True,2038,20116,60234,799685
BitVise39,randomWp,500000,39,True,1382,8790,9235,97834
OpenSSH28,randomWp,500000,28,True,764,4188,19758,195220
BitVise57,randomWp,500000,57,True,2181,23892,27520,349621
BitViseOrig,randomWp,500000,66,True,2611,32274,184785,2491558
BitVise63,randomWp,500000,63,True,2420,24792,36938,486640
BitVise47,randomWp,500000,47,True,1622,14745,39899,482411
OpenSSHOrig,randomWp,500000,27,True,831,5100,9446,102028
OpenSSH29,randomWp,500000,29,True,896,5549,27602,295193
DropBearOrig,randomWp,500000,17,True,581,3535,751,7569
OpenSSH34,randomWp,500000,34,True,974,5672,5118,49473
OpenSSH36,randomWp,500000,36,True,1026,7276,19970,208720
DropBear24,randomWp,500000,24,True,736,3426,947,8715
BitVise59,randomWp,500000,59,True,2274,20350,222759,2941626
OpenSSH31,randomWp,500000,31,True,896,4798,7879,79259
BitVise45,randomWp,500000,45,True,1625,20268,2765,33585
DropBear20,randomWp,500000,20,True,680,4733,1265,12050
DropBear26,randomWp,500000,26,True,778,3472,145,1292
DropBear22,randomWp,500000,22,True,720,3463,285,2568
OpenSSH26,randomWp,500000,26,True,822,5724,15343,156811
BitVise54,randomWp,500000,54,True,2054,22275,109088,1449679
BitVise39,randomWp,500000,39,True,1355,9074,3474,37214
OpenSSH28,randomWp,500000,28,True,838,4432,11610,116708
BitVise57,randomWp,500000,57,True,2178,21024,88672,1130626
BitViseOrig,randomWp,500000,66,True,2702,28621,85425,1156038
BitVise63,randomWp,500000,63,True,2471,25862,51473,674344
BitVise47,randomWp,500000,47,True,1595,13411,9962,118235
OpenSSHOrig,randomWp,500000,27,True,744,4464,21159,217651
OpenSSH29,randomWp,500000,29,True,873,5609,88805,964715
DropBearOrig,randomWp,500000,17,True,559,3408,589,6241
OpenSSH34,randomWp,500000,34,True,988,5643,9340,91674
OpenSSH36,randomWp,500000,36,True,1019,6089,44987,469570
DropBear24,randomWp,500000,24,True,792,3814,575,5048
BitVise59,randomWp,500000,59,True,2293,24147,73319,959244
OpenSSH31,randomWp,500000,31,True,833,4603,83407,836734
BitVise45,randomWp,500000,45,True,1610,18836,34940,457950
DropBear20,randomWp,500000,20,True,655,3758,2269,21095
DropBear26,randomWp,500000,26,True,807,3660,457,3946
DropBear22,randomWp,500000,22,True,704,3302,1754,16115
OpenSSH26,randomWp,500000,26,True,749,4348,109339,1138808
BitVise54,randomWp,500000,54,True,1978,21937,81749,1092342
BitVise39,randomWp,500000,39,True,1313,8602,16379,173009
OpenSSH28,randomWp,500000,28,True,844,4494,22190,225102
BitVise57,randomWp,500000,57,True,2190,21470,54399,688360
BitViseOrig,randomWp,500000,66,True,2557,26302,144198,1936211
BitVise63,randomWp,500000,63,True,2420,23717,77329,1007368
BitVise47,randomWp,500000,47,True,1682,13824,12961,154332
OpenSSHOrig,randomWp,500000,27,True,847,6006,15968,168760
OpenSSH29,randomWp,500000,29,True,825,5635,75028,812169
DropBearOrig,randomWp,500000,17,True,577,3589,461,4562
OpenSSH34,randomWp,500000,34,True,977,5554,49041,478810
OpenSSH36,randomWp,500000,36,True,980,6902,4082,42044
DropBear24,randomWp,500000,24,True,717,3519,44,334
BitVise59,randomWp,500000,59,True,2233,23609,124874,1649060
OpenSSH31,randomWp,500000,31,True,883,5113,75944,763752
BitVise45,randomWp,500000,45,True,1592,14299,6141,77971
DropBear20,randomWp,500000,20,True,665,3203,263,2546
DropBear26,randomWp,500000,26,True,796,3638,1157,10418
DropBear22,randomWp,500000,22,True,637,2963,1676,15843
OpenSSH26,randomWp,500000,26,True,756,4535,2502,25675
BitVise54,randomWp,500000,54,True,1965,21306,21867,281850
BitVise39,randomWp,500000,39,True,1413,10145,25836,270377
OpenSSH28,randomWp,500000,28,True,869,5332,15747,155277
BitVise57,randomWp,500000,57,True,2109,21508,48819,615500
BitViseOrig,randomWp,500000,66,True,2689,34816,198264,2717413
BitVise63,randomWp,500000,63,True,2466,27230,72070,953497
BitVise47,randomWp,500000,47,True,1620,16152,11537,141422
OpenSSHOrig,randomWp,500000,27,True,758,4696,5570,57410
OpenSSH29,randomWp,500000,29,True,901,6537,42951,459480
DropBearOrig,randomWp,500000,17,True,560,3416,4008,41592
OpenSSH34,randomWp,500000,34,True,992,5127,11863,115630
OpenSSH36,randomWp,500000,36,True,1024,7612,137059,1428577
DropBear24,randomWp,500000,24,True,732,3445,2838,25559
BitVise59,randomWp,500000,59,True,2358,26030,106013,1397007
OpenSSH31,randomWp,500000,31,True,865,4727,141288,1422322
BitVise45,randomWp,500000,45,True,1526,13849,2728,34028
DropBear20,randomWp,500000,20,True,678,4447,788,7233
DropBear26,randomWp,500000,26,True,843,3959,16,139
DropBear22,randomWp,500000,22,True,685,3106,2516,23810
OpenSSH26,randomWp,500000,26,True,827,5019,18570,193538
BitVise54,randomWp,500000,54,True,2053,22325,30842,400953
BitVise39,randomWp,500000,39,True,1318,8753,8298,87216
OpenSSH28,randomWp,500000,28,True,819,4815,44395,446511
BitVise57,randomWp,500000,57,True,2204,20798,78679,1002661
BitViseOrig,randomWp,500000,66,True,2508,24962,363300,4832250
BitVise63,randomWp,500000,63,True,2433,27910,70404,917907
BitVise47,randomWp,500000,47,True,1579,12086,3279,37671
OpenSSHOrig,randomWp,500000,27,True,750,4675,106719,1149482
OpenSSH29,randomWp,500000,29,True,743,4637,3798,41315
DropBearOrig,randomWp,500000,17,True,526,3214,1138,11800
OpenSSH34,randomWp,500000,34,True,1016,5816,4788,46812
OpenSSH36,randomWp,500000,36,True,1021,6677,67474,705038
DropBear24,randomWp,500000,24,True,745,3486,1077,9905
BitVise59,randomWp,500000,59,True,2262,23865,98539,1288977
OpenSSH31,randomWp,500000,31,True,898,4914,6701,67439
BitVise45,randomWp,500000,45,True,1563,18524,17232,227701
DropBear20,randomWp,500000,20,True,657,3883,1942,18556
DropBear26,randomWp,500000,26,True,793,3734,116,1055
DropBear22,randomWp,500000,22,True,716,3358,784,7399
OpenSSH26,randomWp,500000,26,True,817,5008,3932,41877
BitVise54,randomWp,500000,54,True,1951,22807,40374,530411
BitVise39,randomWp,500000,39,True,1328,8882,7496,80294
OpenSSH28,randomWp,500000,28,True,824,4388,27444,276128
BitVise57,randomWp,500000,57,True,2218,21675,58356,742515
BitViseOrig,randomWp,500000,66,True,2716,28483,128627,1673679
BitVise63,randomWp,500000,63,True,2452,23084,21795,289508
BitVise47,randomWp,500000,47,True,1669,16769,6446,80194
OpenSSHOrig,randomWp,500000,27,True,874,6678,40611,436238
OpenSSH29,randomWp,500000,29,True,848,5176,52025,561004
DropBearOrig,randomWp,500000,17,True,553,3311,1508,15643
OpenSSH34,randomWp,500000,34,True,1029,6607,113747,1111385
OpenSSH36,randomWp,500000,36,True,1027,6977,183788,1916611
DropBear24,randomWp,500000,24,True,709,3374,1087,9633
BitVise59,randomWp,500000,59,True,2248,26118,12801,165435
OpenSSH31,randomWp,500000,31,True,930,5047,15862,158978
BitVise45,randomWp,500000,45,True,1564,19181,10022,129894
DropBear20,randomWp,500000,20,True,617,3115,1116,10611
DropBear26,randomWp,500000,26,True,747,3399,469,4128
DropBear22,randomWp,500000,22,True,693,3099,456,4000
OpenSSH26,randomWp,500000,26,True,795,4802,1457,15415
BitVise54,randomWp,500000,54,True,1923,19763,150824,2008990
BitVise39,randomWp,500000,39,True,1423,9828,44898,479800
OpenSSH28,randomWp,500000,28,True,784,4200,47219,478171
BitVise57,randomWp,500000,57,True,2194,21361,14663,182961
BitViseOrig,randomWp,500000,66,True,2609,31504,366890,4953962
BitVise63,randomWp,500000,63,True,2416,22318,31835,417365
BitVise47,randomWp,500000,47,True,1675,12925,7865,92320
OpenSSHOrig,randomWp,500000,27,True,802,4761,7992,83572
OpenSSH29,randomWp,500000,29,True,947,7296,88699,960380
DropBearOrig,randomWp,500000,17,True,563,3464,2656,28024
OpenSSH34,randomWp,500000,34,True,973,6439,123794,1213077
OpenSSH36,randomWp,500000,36,True,987,6742,74019,773012
DropBear24,randomWp,500000,24,True,635,2661,2328,20657
BitVise59,randomWp,500000,59,True,2246,23086,102275,1346289
OpenSSH31,randomWp,500000,31,True,852,4454,233205,2343787
BitVise45,randomWp,500000,45,True,1582,19198,17576,233272
DropBear20,randomWp,500000,20,True,623,3583,740,7002
DropBear26,randomWp,500000,26,True,796,4034,475,4335
DropBear22,randomWp,500000,22,True,582,2625,469,4222
OpenSSH26,randomWp,500000,26,True,772,4544,19625,203908
BitVise54,randomWp,500000,54,True,1948,22912,115167,1541126
BitVise39,randomWp,500000,39,True,1393,9870,2581,27593
OpenSSH28,randomWp,500000,28,True,853,4751,12808,126815
BitVise57,randomWp,500000,57,True,2204,21644,70498,891204
BitViseOrig,randomWp,500000,66,True,2519,24659,131727,1769735
BitVise63,randomWp,500000,63,True,2442,23115,41706,543600
BitVise47,randomWp,500000,47,True,1668,19168,6896,81835
OpenSSHOrig,randomWp,500000,27,True,864,6523,7943,82814
OpenSSH29,randomWp,500000,29,True,892,6007,166283,1798576
DropBearOrig,randomWp,500000,17,True,529,3122,377,3727
OpenSSH34,randomWp,500000,34,True,1026,6626,32508,316476
OpenSSH36,randomWp,500000,36,True,1024,6027,133479,1396149
DropBear24,randomWp,500000,24,True,761,3692,3237,29061
BitVise59,randomWp,500000,59,True,2291,24722,89256,1172832
OpenSSH31,randomWp,500000,31,True,901,4746,49715,500112
BitVise45,randomWp,500000,45,True,1506,19411,22240,288490
DropBear20,randomWp,500000,20,True,609,3252,191,1882
DropBear26,randomWp,500000,26,True,812,4046,1340,11825
DropBear22,randomWp,500000,22,True,696,3134,289,2524
OpenSSH26,randomWp,500000,26,True,718,5105,991,9515
BitVise54,randomWp,500000,54,True,1982,20747,23666,308377
BitVise39,randomWp,500000,39,True,1361,8921,3054,32085
OpenSSH28,randomWp,500000,28,True,813,4446,27425,271014
BitVise57,randomWp,500000,57,True,2214,21145,87595,1111535
BitViseOrig,randomWp,500000,66,True,2509,24286,78637,1068005
BitVise63,randomWp,500000,63,True,2277,21924,91079,1190011
BitVise47,randomWp,500000,47,True,1590,12415,3224,37554
OpenSSHOrig,randomWp,500000,27,True,745,4684,7888,84851
OpenSSH29,randomWp,500000,29,True,868,5323,96577,1043376
DropBearOrig,randomWp,500000,17,True,554,3287,1305,13906
OpenSSH34,randomWp,500000,34,True,1028,6124,53626,523831
OpenSSH36,randomWp,500000,36,True,1013,6054,3928,40071
DropBear24,randomWp,500000,24,True,702,3713,483,4502
BitVise59,randomWp,500000,59,True,2132,22803,39609,520177
OpenSSH31,randomWp,500000,31,True,877,5924,46280,464038
BitVise45,randomWp,500000,45,True,1530,19032,14095,182255
DropBear20,randomWp,500000,20,True,661,3818,376,3547
DropBear26,randomWp,500000,26,True,783,3717,730,6414
DropBear22,randomWp,500000,22,True,676,3348,3155,29288
OpenSSH26,randomWp,500000,26,True,769,4664,23351,246108
BitVise54,randomWp,500000,54,True,2027,18783,31939,423059
BitVise39,randomWp,500000,39,True,1386,9314,7258,74326
OpenSSH28,randomWp,500000,28,True,759,4039,28340,286575
BitVise57,randomWp,500000,57,True,2116,19976,21888,271618
BitViseOrig,randomWp,500000,66,True,2650,37572,319111,4360831
BitVise63,randomWp,500000,63,True,2477,23685,109472,1444207
BitVise47,randomWp,500000,47,True,1666,14589,11807,140823
OpenSSHOrig,randomWp,500000,27,True,838,4900,21205,230852
OpenSSH29,randomWp,500000,29,True,777,4973,4325,47021
DropBearOrig,randomWp,500000,17,True,564,3530,155,1426
OpenSSH34,randomWp,500000,34,True,1005,5261,17669,172006
OpenSSH36,randomWp,500000,36,True,1028,6826,67885,709054
DropBear24,randomWp,500000,24,True,764,3525,108,914
BitVise59,randomWp,500000,59,True,2188,21604,114084,1496443
OpenSSH31,randomWp,500000,31,True,908,5110,17563,175700
BitVise45,randomWp,500000,45,True,1604,16325,4185,50865
DropBear20,randomWp,500000,20,True,649,3497,325,3016
DropBear26,randomWp,500000,26,True,895,3976,143,1278
DropBear22,randomWp,500000,22,True,700,3492,348,3242
OpenSSH26,randomWp,500000,26,True,785,4818,52605,553072
BitVise54,randomWp,500000,54,True,2068,22003,75975,1001190
BitVise39,randomWp,500000,39,True,1359,9047,31456,333713
OpenSSH28,randomWp,500000,28,True,844,4884,16676,164396
BitVise57,randomWp,500000,57,True,2130,19316,116083,1478989
BitViseOrig,randomWp,500000,66,True,2659,31292,151388,2036959
BitVise63,randomWp,500000,63,True,2313,20990,62014,804388
BitVise47,randomWp,500000,47,True,1641,17220,9445,112923
OpenSSHOrig,randomWp,500000,27,True,807,5936,16836,173304
OpenSSH29,randomWp,500000,29,True,779,5608,83206,900153
DropBearOrig,randomWp,500000,17,True,540,3464,1144,11908
OpenSSH34,randomWp,500000,34,True,1021,6105,72433,709531
OpenSSH36,randomWp,500000,36,True,1053,6209,3044,31407
DropBear24,randomWp,500000,24,True,739,3511,248,2187
BitVise59,randomWp,500000,59,True,2226,33205,122507,1616866
OpenSSH31,randomWp,500000,31,True,898,5196,55898,562904
BitVise45,randomWp,500000,45,True,1653,21106,5734,72798
DropBear20,randomWp,500000,20,True,627,3647,215,1950
DropBear26,randomWp,500000,26,True,789,3853,169,1521
DropBear22,randomWp,500000,22,True,694,3138,691,6479
OpenSSH26,randomWp,500000,26,True,664,4179,27483,289350
BitVise54,randomWp,500000,54,True,1987,20712,124456,1654525
BitVise39,randomWp,500000,39,True,1385,9152,20700,218925
OpenSSH28,randomWp,500000,28,True,786,4154,21384,211505
BitVise57,randomWp,500000,57,True,2144,19880,92637,1177858
BitViseOrig,randomWp,500000,66,True,2676,34332,154415,2131093
BitVise63,randomWp,500000,63,True,2308,22072,52273,677767
BitVise47,randomWp,500000,47,True,1707,13251,3628,41569
OpenSSHOrig,randomWp,500000,27,True,813,5008,7444,80104
OpenSSH29,randomWp,500000,29,True,797,5083,22514,241844
DropBearOrig,randomWp,500000,17,True,551,3339,1097,10588
OpenSSH34,randomWp,500000,34,True,960,5151,4376,42600
OpenSSH36,randomWp,500000,36,True,1038,6476,7508,76919
DropBear24,randomWp,500000,24,True,730,3400,470,4022
BitVise59,randomWp,500000,59,True,2136,21491,41896,547294
OpenSSH31,randomWp,500000,31,True,860,4797,5814,59314
BitVise45,randomWp,500000,45,True,1630,19364,16615,217105
DropBear20,randomWp,500000,20,True,622,2992,1784,16912
DropBear26,randomWp,500000,26,True,790,3685,856,7698
DropBear22,randomWp,500000,22,True,720,3271,3918,36333
OpenSSH26,randomWp,500000,26,True,758,5293,30355,317442
BitVise54,randomWp,500000,54,True,1923,21805,31018,399760
BitVise39,randomWp,500000,39,True,1399,9289,21679,230746
OpenSSH28,randomWp,500000,28,True,796,4149,164213,1669938
BitVise57,randomWp,500000,57,True,2119,20249,71241,900811
BitViseOrig,randomWp,500000,66,True,2701,33681,166154,2302243
BitVise63,randomWp,500000,63,True,2384,25397,96516,1259575
BitVise47,randomWp,500000,47,True,1602,15530,24399,291270
OpenSSHOrig,randomWp,500000,27,True,822,5044,39804,421885
OpenSSH29,randomWp,500000,29,True,864,6695,8488,89991
DropBearOrig,randomWp,500000,17,True,539,3286,1325,13189
OpenSSH34,randomWp,500000,34,True,1017,5587,13715,133883
OpenSSH36,randomWp,500000,36,True,1078,7249,31283,327182
DropBear24,randomWp,500000,24,True,763,3877,355,3157
BitVise59,randomWp,500000,59,True,2234,21325,169326,2226309
OpenSSH31,randomWp,500000,31,True,898,5365,13131,130708
BitVise45,randomWp,500000,45,True,1585,16608,9041,109935
DropBear20,randomWp,500000,20,True,631,4076,483,4534
DropBear26,randomWp,500000,26,True,846,3801,733,6494
DropBear22,randomWp,500000,22,True,681,3191,284,2661
OpenSSH26,randomWp,500000,26,True,727,4494,10211,105420
BitVise54,randomWp,500000,54,True,1917,18200,42417,548808
BitVise39,randomWp,500000,39,True,1335,8503,1767,18407
OpenSSH28,randomWp,500000,28,True,817,4608,25189,255790
BitVise57,randomWp,500000,57,True,2105,20350,87714,1107543
BitViseOrig,randomWp,500000,66,True,2611,27444,258265,3478893
BitVise63,randomWp,500000,63,True,2534,30946,60184,780190
BitVise47,randomWp,500000,47,True,1646,15784,13106,154441
OpenSSHOrig,randomWp,500000,27,True,868,5470,21321,227951
OpenSSH29,randomWp,500000,29,True,869,5331,177916,1926808
DropBearOrig,randomWp,500000,17,True,539,3349,2072,22129
OpenSSH34,randomWp,500000,34,True,926,4890,84374,828873
OpenSSH36,randomWp,500000,36,True,1027,6802,5276,54193
DropBear24,randomWp,500000,24,True,700,3206,211,1897
BitVise59,randomWp,500000,59,True,2303,24743,110719,1444296
OpenSSH31,randomWp,500000,31,True,884,4641,184490,1854479
BitVise45,randomWp,500000,45,True,1585,17679,4989,62898
DropBear20,randomWp,500000,20,True,630,3715,1044,9732
DropBear26,randomWp,500000,26,True,796,3582,801,7012
DropBear22,randomWp,500000,22,True,681,3490,614,5833
OpenSSH26,randomWp,500000,26,True,758,4539,1233,11814
BitVise54,randomWp,500000,54,True,2033,21483,4459,54354
BitVise39,randomWp,500000,39,True,1344,9388,8894,92476
OpenSSH28,randomWp,500000,28,True,799,5922,139125,1409650
BitVise57,randomWp,500000,57,True,2157,20727,127526,1616143
BitViseOrig,randomWp,500000,66,True,2617,28378,335777,4536575
BitVise63,randomWp,500000,63,True,2470,23667,117227,1544686
BitVise47,randomWp,500000,47,True,1664,16133,10256,124640
OpenSSHOrig,randomWp,500000,27,True,824,5137,6301,66750
OpenSSH29,randomWp,500000,29,True,834,6346,45711,495050
DropBearOrig,randomWp,500000,17,True,590,3634,834,7604
OpenSSH34,randomWp,500000,34,True,1024,6700,7105,69571
OpenSSH36,randomWp,500000,36,True,1030,7254,156251,1629622
DropBear24,randomWp,500000,24,True,707,3197,77,704
BitVise59,randomWp,500000,59,True,2244,23939,84464,1102625
OpenSSH31,randomWp,500000,31,True,875,4788,38031,382145
BitVise45,randomWp,500000,45,True,1499,15017,6258,77930
DropBear20,randomWp,500000,20,True,645,3465,723,6936
DropBear26,randomWp,500000,26,True,799,3511,811,7317
DropBear22,randomWp,500000,22,True,703,3184,501,4547
OpenSSH26,randomWp,500000,26,True,745,4523,21494,223038
BitVise54,randomWp,500000,54,True,2084,20164,47899,630498
BitVise39,randomWp,500000,39,True,1442,9830,17395,182497
OpenSSH28,randomWp,500000,28,True,855,4546,5852,58312
BitVise57,randomWp,500000,57,True,2116,19488,175157,2227951
BitViseOrig,randomWp,500000,66,True,2722,33201,99058,1299810
BitVise63,randomWp,500000,63,True,2382,23629,97974,1294753
BitVise47,randomWp,500000,47,True,1623,19509,2659,31763
OpenSSHOrig,randomWp,500000,27,True,830,5105,8872,95401
OpenSSH29,randomWp,500000,29,True,835,5551,15833,171104
DropBearOrig,randomWp,500000,17,True,525,3184,812,8214
OpenSSH34,randomWp,500000,34,True,1010,5233,33528,327360
OpenSSH36,randomWp,500000,36,True,1065,6531,92331,963249
DropBear24,randomWp,500000,24,True,718,3556,201,1810
BitVise59,randomWp,500000,59,True,2238,23587,306885,4046720
OpenSSH31,randomWp,500000,31,True,910,5229,139728,1406098
BitVise45,randomWp,500000,45,True,1499,15715,21856,289228
DropBear20,randomWp,500000,20,True,626,3038,332,3188
DropBear26,randomWp,500000,26,True,784,3577,656,5844
DropBear22,randomWp,500000,22,True,664,3292,403,3437
OpenSSH26,randomWp,500000,26,True,732,4572,19323,200087
BitVise54,randomWp,500000,54,True,2032,23291,17150,225227
BitVise39,randomWp,500000,39,True,1405,8703,8112,86146
OpenSSH28,randomWp,500000,28,True,800,4562,17884,178790
BitVise57,randomWp,500000,57,True,2114,18635,125065,1591280
BitViseOrig,randomWp,500000,66,True,2531,25284,120260,1618643
BitVise63,randomWp,500000,63,True,2402,23093,30101,390802
BitVise47,randomWp,500000,47,True,1675,12899,9447,109936
OpenSSHOrig,randomWp,500000,27,True,800,4872,4136,43223
OpenSSH29,randomWp,500000,29,True,835,5334,84635,915750
DropBearOrig,randomWp,500000,17,True,551,3275,706,7203
OpenSSH34,randomWp,500000,34,True,946,5653,15947,157541
OpenSSH36,randomWp,500000,36,True,1070,6819,22830,237181
DropBear24,randomWp,500000,24,True,734,3397,742,6794
BitVise59,randomWp,500000,59,True,2322,31176,52686,688004
OpenSSH31,randomWp,500000,31,True,889,4889,45475,456890
BitVise45,randomWp,500000,45,True,1615,20260,6877,89129
DropBear20,randomWp,500000,20,True,619,3581,779,6769
DropBear26,randomWp,500000,26,True,867,4362,299,2671
DropBear22,randomWp,500000,22,True,627,2846,3387,31507
OpenSSH26,randomWp,500000,26,True,756,4431,33935,357301
BitVise54,randomWp,500000,54,True,2027,20453,10100,132045
BitVise39,randomWp,500000,39,True,1346,8556,3016,32087
OpenSSH28,randomWp,500000,28,True,832,4518,11716,117997
BitVise57,randomWp,500000,57,True,2089,21158,78347,1002407
BitViseOrig,randomWp,500000,66,True,2661,32123,153527,2096103
BitVise63,randomWp,500000,63,True,2489,25055,86464,1139244
BitVise47,randomWp,500000,47,True,1606,14124,10274,123031
OpenSSHOrig,randomWp,500000,27,True,876,5382,14674,156830
OpenSSH29,randomWp,500000,29,True,864,7482,322224,3491475
DropBearOrig,randomWp,500000,17,True,544,3265,1013,10455
OpenSSH34,randomWp,500000,34,True,1046,6051,5589,55185
OpenSSH36,randomWp,500000,36,True,1021,6736,59431,620209
DropBear24,randomWp,500000,24,True,790,4001,62,574
BitVise59,randomWp,500000,59,True,2279,23209,133888,1763488
OpenSSH31,randomWp,500000,31,True,860,5343,6359,63092
BitVise45,randomWp,500000,45,True,1550,19340,14996,194055
DropBear20,randomWp,500000,20,True,579,3144,1297,12485
DropBear26,randomWp,500000,26,True,724,3388,208,1861
DropBear22,randomWp,500000,22,True,631,3238,282,2535
OpenSSH26,randomWp,500000,26,True,862,6707,117170,1230463
BitVise54,randomWp,500000,54,True,2005,20489,17255,224248
BitVise39,randomWp,500000,39,True,1372,8947,9003,96311
OpenSSH28,randomWp,500000,28,True,826,4833,86251,877772
BitVise57,randomWp,500000,57,True,2025,19466,51152,645236
BitViseOrig,randomWp,500000,66,True,2427,23612,221751,3021175
BitVise63,randomWp,500000,63,True,2550,26329,61872,811446
BitVise47,randomWp,500000,47,True,1651,16091,14736,176524
OpenSSHOrig,randomWp,500000,27,True,852,6134,12292,130531
OpenSSH29,randomWp,500000,29,True,913,6729,14048,154276
DropBearOrig,randomWp,500000,17,True,567,3413,1605,16334
OpenSSH34,randomWp,500000,34,True,953,4723,45740,447197
OpenSSH36,randomWp,500000,36,True,1021,6424,85899,895228
DropBear24,randomWp,500000,24,True,692,3050,123,978
BitVise59,randomWp,500000,59,True,2303,23211,14783,181984
OpenSSH31,randomWp,500000,31,True,849,4590,61685,619293
BitVise45,randomWp,500000,45,True,1599,15992,3946,51105
DropBear20,randomWp,500000,20,True,575,2744,784,7449
DropBear26,randomWp,500000,26,True,777,3969,358,3243
DropBear22,randomWp,500000,22,True,599,2801,1596,15021
OpenSSH26,randomWp,500000,26,True,664,4293,17134,179542
BitVise54,randomWp,500000,54,True,1989,19452,21339,271286
BitVise39,randomWp,500000,39,True,1388,9389,19289,205196
OpenSSH28,randomWp,500000,28,True,757,4444,150550,1530467
BitVise57,randomWp,500000,57,True,2155,19162,151707,1930289
BitViseOrig,randomWp,500000,66,True,2528,26118,395749,5310037
BitVise63,randomWp,500000,63,True,2468,27591,50024,648217
BitVise47,randomWp,500000,47,True,1597,13813,11399,137496
OpenSSHOrig,randomWp,500000,27,True,826,5096,4296,44552
OpenSSH29,randomWp,500000,29,True,879,5705,3188,34280
DropBearOrig,randomWp,500000,17,True,546,3385,793,7205
OpenSSH34,randomWp,500000,34,True,980,5622,26886,264018
OpenSSH36,randomWp,500000,36,True,1048,7355,61136,637738
DropBear24,randomWp,500000,24,True,721,3272,2915,26387
BitVise59,randomWp,500000,59,True,2325,26535,31139,403008
OpenSSH31,randomWp,500000,31,True,895,4937,305793,3079364
BitVise45,randomWp,500000,45,True,1556,18920,3354,37100
DropBear20,randomWp,500000,20,True,635,3629,559,5383
DropBear26,randomWp,500000,26,True,790,3540,128,1116
DropBear22,randomWp,500000,22,True,718,3591,155,1424
OpenSSH26,randomWp,500000,26,True,771,4508,53005,557889
BitVise54,randomWp,500000,54,True,2085,19583,42954,564519
BitVise39,randomWp,500000,39,True,1300,8462,48067,512856
OpenSSH28,randomWp,500000,28,True,821,4706,233854,2380004
BitVise57,randomWp,500000,57,True,2228,21661,46248,588171
BitViseOrig,randomWp,500000,66,True,2693,29811,90583,1206590
BitVise63,randomWp,500000,63,True,2442,23547,38634,502029
BitVise47,randomWp,500000,47,True,1669,14422,16496,196480
OpenSSHOrig,randomWp,500000,27,True,850,6378,18153,189324
OpenSSH29,randomWp,500000,29,True,866,5653,8369,89800
DropBearOrig,randomWp,500000,17,True,591,3530,2099,21514
OpenSSH34,randomWp,500000,34,True,1002,6026,8124,79300
OpenSSH36,randomWp,500000,36,True,1010,6607,32960,343555
DropBear24,randomWp,500000,24,True,686,3179,1118,10115
BitVise59,randomWp,500000,59,True,2190,25190,68198,891188
OpenSSH31,randomWp,500000,31,True,901,5713,49358,496574
BitVise45,randomWp,500000,45,True,1566,16860,3835,47840
DropBear20,randomWp,500000,20,True,656,3822,3425,32169
DropBear26,randomWp,500000,26,True,829,4273,762,6962
DropBear22,randomWp,500000,22,True,629,2808,1779,16105
OpenSSH26,randomWp,500000,26,True,779,4648,758,7738
BitVise54,randomWp,500000,54,True,1923,20014,50489,668382
BitVise39,randomWp,500000,39,True,1381,10181,12510,129739
OpenSSH28,randomWp,500000,28,True,856,4697,187190,1903832
BitVise57,randomWp,500000,57,True,2135,19845,45379,564369
BitViseOrig,randomWp,500000,66,True,2413,23461,80228,1027516
BitVise63,randomWp,500000,63,True,2354,21668,25871,337714
BitVise47,randomWp,500000,47,True,1547,12827,11502,138213
OpenSSHOrig,randomWp,500000,27,True,905,6528,33138,338598
OpenSSH29,randomWp,500000,29,True,902,5527,18049,199637
DropBearOrig,randomWp,500000,17,True,505,3229,5448,57060
OpenSSH34,randomWp,500000,34,True,1014,6202,5000,48779
OpenSSH36,randomWp,500000,36,True,983,5931,13522,140739
DropBear24,randomWp,500000,24,True,731,3363,253,2079
BitVise59,randomWp,500000,59,True,2230,24214,26217,342456
OpenSSH31,randomWp,500000,31,True,876,4858,14090,141244
BitVise45,randomWp,500000,45,True,1582,18669,33851,444206
DropBear20,randomWp,500000,20,True,644,3783,350,3367
DropBear26,randomWp,500000,26,True,819,3698,526,4585
DropBear22,randomWp,500000,22,True,574,2834,583,5221
OpenSSH26,randomWp,500000,26,True,789,4761,166239,1752982
BitVise54,randomWp,500000,54,True,1999,26027,40736,535532
BitVise39,randomWp,500000,39,True,1458,11033,2531,25900
OpenSSH28,randomWp,500000,28,True,746,4131,59824,603196
BitVise57,randomWp,500000,57,True,2144,19571,65288,826914
BitViseOrig,randomWp,500000,66,True,2530,25728,64786,858843
BitVise63,randomWp,500000,63,True,2511,26683,117785,1561926
BitVise47,randomWp,500000,47,True,1628,13297,6723,79156
OpenSSHOrig,randomWp,500000,27,True,860,5534,16298,176214
OpenSSH29,randomWp,500000,29,True,814,5909,33267,359024
DropBearOrig,randomWp,500000,17,True,533,3171,1905,19577
OpenSSH34,randomWp,500000,34,True,911,5098,18612,182944
OpenSSH36,randomWp,500000,36,True,1074,6945,61962,646912
DropBear24,randomWp,500000,24,True,722,3431,7,40
BitVise59,randomWp,500000,59,True,2239,27285,114143,1503755
OpenSSH31,randomWp,500000,31,True,857,4742,16914,168874
BitVise45,randomWp,500000,45,True,1595,16161,13198,171844
DropBear20,randomWp,500000,20,True,651,3818,726,6721
DropBear26,randomWp,500000,26,True,816,3577,729,6310
DropBear22,randomWp,500000,22,True,692,3501,6183,58108
OpenSSH26,randomWp,500000,26,True,772,4615,15714,165825
BitVise54,randomWp,500000,54,True,1949,20056,69187,919072
BitVise39,randomWp,500000,39,True,1377,8734,3434,36309
OpenSSH28,randomWp,500000,28,True,779,4095,167331,1693741
BitVise57,randomWp,500000,57,True,2155,20029,122359,1559580
BitViseOrig,randomWp,500000,66,True,2675,29491,163796,2142473
BitVise63,randomWp,500000,63,True,2421,26087,29313,381921
BitVise47,randomWp,500000,47,True,1654,12789,13018,156117
OpenSSHOrig,randomWp,500000,27,True,836,5993,1662,17661
OpenSSH29,randomWp,500000,29,True,884,5770,2674,29422
DropBearOrig,randomWp,500000,17,True,557,3384,2476,25569
OpenSSH34,randomWp,500000,34,True,978,5260,10829,106483
OpenSSH36,randomWp,500000,36,True,1007,5971,29889,313119
DropBear24,randomWp,500000,24,True,769,3557,278,2307
BitVise59,randomWp,500000,59,True,2209,19709,68368,889825
OpenSSH31,randomWp,500000,31,True,828,4740,144292,1453572
BitVise45,randomWp,500000,45,True,1568,15673,5998,77309
DropBear20,randomWp,500000,20,True,619,4117,3251,31246
DropBear26,randomWp,500000,26,True,816,3805,303,2692
DropBear22,randomWp,500000,22,True,652,3027,783,7346
OpenSSH26,randomWp,500000,26,True,787,4702,401,3951
BitVise54,randomWp,500000,54,True,2044,20983,33023,436512
BitVise39,randomWp,500000,39,True,1413,9479,21303,227383
OpenSSH28,randomWp,500000,28,True,803,5889,54815,553026
BitVise57,randomWp,500000,57,True,2145,19464,94586,1205684
BitViseOrig,randomWp,500000,66,True,2695,33135,201776,2697009
BitVise63,randomWp,500000,63,True,2460,29952,109933,1461151
BitVise47,randomWp,500000,47,True,1664,12732,7992,93703
OpenSSHOrig,randomWp,500000,27,True,788,5687,53922,576809
OpenSSH29,randomWp,500000,29,True,834,5028,203054,2197861
DropBearOrig,randomWp,500000,17,True,543,3194,1959,20602
OpenSSH34,randomWp,500000,34,True,972,5180,40742,400526
OpenSSH36,randomWp,500000,36,True,1027,6640,75732,789684
DropBear24,randomWp,500000,24,True,724,3157,1381,12607
BitVise59,randomWp,500000,59,True,2244,28694,77720,1021311
OpenSSH31,randomWp,500000,31,True,843,4888,15755,156778
BitVise45,randomWp,500000,45,True,1584,19174,7128,92148
DropBear20,randomWp,500000,20,True,665,3693,424,3762
DropBear26,randomWp,500000,26,True,782,3572,901,7968
DropBear22,randomWp,500000,22,True,694,3314,1323,12200
OpenSSH26,randomWp,500000,26,True,756,4427,792,7938
BitVise54,randomWp,500000,54,True,1959,21544,110450,1470327
BitVise39,randomWp,500000,39,True,1343,10529,5359,57191
